<?xml version="1.0"?>
<!--<!DOCTYPE metadata SYSTEM "http://www.esri.com/metadata/esriprof80.dtd">-->
<metadata xml:lang="en"><Esri><CreaDate>20030821</CreaDate><CreaTime>15302900</CreaTime><SyncOnce>TRUE</SyncOnce><MetaID>{349B0CDA-B3FD-4CAF-AD25-7BCF00D2A03F}</MetaID></Esri><idinfo><citation><citeinfo><onlink Sync="TRUE"></onlink></citeinfo></citation></idinfo><distInfo><distributor><distorTran><onLineSrc><linkage Sync="TRUE">file://</linkage><protocol Sync="TRUE">Local Area Network</protocol></onLineSrc></distorTran></distributor></distInfo><dataqual><lineage><procstep><procdesc Sync="TRUE">Dataset moved.</procdesc><srcused Sync="TRUE">D:\data\PenWatshed\penwatsd</srcused><date Sync="TRUE">20021210</date><time Sync="TRUE">11074800</time></procstep><procstep><procdesc Sync="TRUE">Dataset moved.</procdesc><srcused Sync="TRUE">D:\data\old_town\penwatsd</srcused><date Sync="TRUE">20021210</date><time Sync="TRUE">11083100</time></procstep><procstep><procdesc Sync="TRUE">Dataset copied.</procdesc><srcused Sync="TRUE"></srcused><date Sync="TRUE">20030821</date><time Sync="TRUE">15302900</time></procstep></lineage></dataqual></metadata>
